station_code,station_name,longitude,latitude,observations_url,forecast_url
DAFQX,Bathurst,-65.6283,47.6261,http://dd.weather.gc.ca/air_quality/aqhi/atl/observation/realtime/xml/AQ_OBS_DAFQX_CURRENT.xml,http://dd.weather.gc.ca/air_quality/aqhi/atl/forecast/realtime/xml/AQ_FCST_DAFQX_CURRENT.xml
AADCE,Burin,-55.175272,47.082841,http://dd.weather.gc.ca/air_quality/aqhi/atl/observation/realtime/xml/AQ_OBS_AADCE_CURRENT.xml,http://dd.weather.gc.ca/air_quality/aqhi/atl/forecast/realtime/xml/AQ_FCST_AADCE_CURRENT.xml
DAHEI,Campbellton,-66.683511,47.999336,http://dd.weather.gc.ca/air_quality/aqhi/atl/observation/realtime/xml/AQ_OBS_DAHEI_CURRENT.xml,http://dd.weather.gc.ca/air_quality/aqhi/atl/forecast/realtime/xml/AQ_FCST_DAHEI_CURRENT.xml
BAARG,Charlottetown,-63.1347222222222,46.2402777777778,http://dd.weather.gc.ca/air_quality/aqhi/atl/observation/realtime/xml/AQ_OBS_BAARG_CURRENT.xml,http://dd.weather.gc.ca/air_quality/aqhi/atl/forecast/realtime/xml/AQ_FCST_BAARG_CURRENT.xml
AAEOU,Corner Brook,-57.922167,48.9521,http://dd.weather.gc.ca/air_quality/aqhi/atl/observation/realtime/xml/AQ_OBS_AAEOU_CURRENT.xml,http://dd.weather.gc.ca/air_quality/aqhi/atl/forecast/realtime/xml/AQ_FCST_AAEOU_CURRENT.xml
DALZZ,Edmundston,-68.294444,47.377222,http://dd.weather.gc.ca/air_quality/aqhi/atl/observation/realtime/xml/AQ_OBS_DALZZ_CURRENT.xml,http://dd.weather.gc.ca/air_quality/aqhi/atl/forecast/realtime/xml/AQ_FCST_DALZZ_CURRENT.xml
DAFMJ,Fredericton,-66.666667,45.945278,http://dd.weather.gc.ca/air_quality/aqhi/atl/observation/realtime/xml/AQ_OBS_DAFMJ_CURRENT.xml,http://dd.weather.gc.ca/air_quality/aqhi/atl/forecast/realtime/xml/AQ_FCST_DAFMJ_CURRENT.xml
ABYRK,Grand Falls - Windsor,-55.66,48.93,http://dd.weather.gc.ca/air_quality/aqhi/atl/observation/realtime/xml/AQ_OBS_ABYRK_CURRENT.xml,http://dd.weather.gc.ca/air_quality/aqhi/atl/forecast/realtime/xml/AQ_FCST_ABYRK_CURRENT.xml
CAORH,Greenwood,-64.929722,44.969167,http://dd.weather.gc.ca/air_quality/aqhi/atl/observation/realtime/xml/AQ_OBS_CAORH_CURRENT.xml,http://dd.weather.gc.ca/air_quality/aqhi/atl/forecast/realtime/xml/AQ_FCST_CAORH_CURRENT.xml
CBUCG,Halifax,-63.57392,44.64625,http://dd.weather.gc.ca/air_quality/aqhi/atl/observation/realtime/xml/AQ_OBS_CBUCG_CURRENT.xml,http://dd.weather.gc.ca/air_quality/aqhi/atl/forecast/realtime/xml/AQ_FCST_CBUCG_CURRENT.xml
CAPHL,Halifax Downtown,-63.590651,44.647401,http://dd.weather.gc.ca/air_quality/aqhi/atl/observation/realtime/xml/AQ_OBS_CAPHL_CURRENT.xml,http://dd.weather.gc.ca/air_quality/aqhi/atl/forecast/realtime/xml/AQ_FCST_CAPHL_CURRENT.xml
CASWE,Kentville,-64.4952777777778,45.0775,http://dd.weather.gc.ca/air_quality/aqhi/atl/observation/realtime/xml/AQ_OBS_CASWE_CURRENT.xml,http://dd.weather.gc.ca/air_quality/aqhi/atl/forecast/realtime/xml/AQ_FCST_CASWE_CURRENT.xml
ABFQA,Labrador City,-66.9365972,52.9605694,http://dd.weather.gc.ca/air_quality/aqhi/atl/observation/realtime/xml/AQ_OBS_ABFQA_CURRENT.xml,http://dd.weather.gc.ca/air_quality/aqhi/atl/forecast/realtime/xml/AQ_FCST_ABFQA_CURRENT.xml
CATHI,Lake Major,-63.467261,44.71338,http://dd.weather.gc.ca/air_quality/aqhi/atl/observation/realtime/xml/AQ_OBS_CATHI_CURRENT.xml,http://dd.weather.gc.ca/air_quality/aqhi/atl/forecast/realtime/xml/AQ_FCST_CATHI_CURRENT.xml
DBEDJ,Miramichi,-65.4666999,47.0041999,http://dd.weather.gc.ca/air_quality/aqhi/atl/observation/realtime/xml/AQ_OBS_DBEDJ_CURRENT.xml,http://dd.weather.gc.ca/air_quality/aqhi/atl/forecast/realtime/xml/AQ_FCST_DBEDJ_CURRENT.xml
DADHJ,Moncton,-64.803056,46.115833,http://dd.weather.gc.ca/air_quality/aqhi/atl/observation/realtime/xml/AQ_OBS_DADHJ_CURRENT.xml,http://dd.weather.gc.ca/air_quality/aqhi/atl/forecast/realtime/xml/AQ_FCST_DADHJ_CURRENT.xml
CBDPK,Pictou,-62.7091666666667,45.6758333333333,http://dd.weather.gc.ca/air_quality/aqhi/atl/observation/realtime/xml/AQ_OBS_CBDPK_CURRENT.xml,http://dd.weather.gc.ca/air_quality/aqhi/atl/forecast/realtime/xml/AQ_FCST_CBDPK_CURRENT.xml
CBELL,Port Hawkesbury,-61.356111,45.6161111,http://dd.weather.gc.ca/air_quality/aqhi/atl/observation/realtime/xml/AQ_OBS_CBELL_CURRENT.xml,http://dd.weather.gc.ca/air_quality/aqhi/atl/forecast/realtime/xml/AQ_FCST_CBELL_CURRENT.xml
DAEGW,Saint John,-66.0388888888889,45.2591666666667,http://dd.weather.gc.ca/air_quality/aqhi/atl/observation/realtime/xml/AQ_OBS_DAEGW_CURRENT.xml,http://dd.weather.gc.ca/air_quality/aqhi/atl/forecast/realtime/xml/AQ_FCST_DAEGW_CURRENT.xml
DAEBC,St. Andrews,-67.058373,45.079907,http://dd.weather.gc.ca/air_quality/aqhi/atl/observation/realtime/xml/AQ_OBS_DAEBC_CURRENT.xml,http://dd.weather.gc.ca/air_quality/aqhi/atl/forecast/realtime/xml/AQ_FCST_DAEBC_CURRENT.xml
ABEFS,St. John's,-52.7252777777778,47.5658333333333,http://dd.weather.gc.ca/air_quality/aqhi/atl/observation/realtime/xml/AQ_OBS_ABEFS_CURRENT.xml,http://dd.weather.gc.ca/air_quality/aqhi/atl/forecast/realtime/xml/AQ_FCST_ABEFS_CURRENT.xml
BAEMV,St. Peters Bay,-62.5833333333333,46.4166666666667,http://dd.weather.gc.ca/air_quality/aqhi/atl/observation/realtime/xml/AQ_OBS_BAEMV_CURRENT.xml,http://dd.weather.gc.ca/air_quality/aqhi/atl/forecast/realtime/xml/AQ_FCST_BAEMV_CURRENT.xml
BADSZ,Summerside (Wellington),-64.0,46.45,http://dd.weather.gc.ca/air_quality/aqhi/atl/observation/realtime/xml/AQ_OBS_BADSZ_CURRENT.xml,http://dd.weather.gc.ca/air_quality/aqhi/atl/forecast/realtime/xml/AQ_FCST_BADSZ_CURRENT.xml
CBLGX,Sydney,-60.1952777777778,46.1380555555556,http://dd.weather.gc.ca/air_quality/aqhi/atl/observation/realtime/xml/AQ_OBS_CBLGX_CURRENT.xml,http://dd.weather.gc.ca/air_quality/aqhi/atl/forecast/realtime/xml/AQ_FCST_CBLGX_CURRENT.xml
EGLTT,Gatineau,-75.65,45.4833333333333,,http://dd.weather.gc.ca/air_quality/aqhi/que/forecast/realtime/xml/AQ_FCST_EGLTT_CURRENT.xml
EHHUN,Montréal,-73.65,45.5166666666667,,http://dd.weather.gc.ca/air_quality/aqhi/que/forecast/realtime/xml/AQ_FCST_EHHUN_CURRENT.xml
EHTWR,Quebec,-71.2166666666667,46.8166666666667,,http://dd.weather.gc.ca/air_quality/aqhi/que/forecast/realtime/xml/AQ_FCST_EHTWR_CURRENT.xml
FAFFD,Barrie,-79.6769699,44.37124,http://dd.weather.gc.ca/air_quality/aqhi/ont/observation/realtime/xml/AQ_OBS_FAFFD_CURRENT.xml,http://dd.weather.gc.ca/air_quality/aqhi/ont/forecast/realtime/xml/AQ_FCST_FAFFD_CURRENT.xml
FEVJS,Belleville,-77.3697222,44.2566666,http://dd.weather.gc.ca/air_quality/aqhi/ont/observation/realtime/xml/AQ_OBS_FEVJS_CURRENT.xml,http://dd.weather.gc.ca/air_quality/aqhi/ont/forecast/realtime/xml/AQ_FCST_FEVJS_CURRENT.xml
FALIF,Brampton,-79.7608333333333,43.6883333333333,http://dd.weather.gc.ca/air_quality/aqhi/ont/observation/realtime/xml/AQ_OBS_FALIF_CURRENT.xml,http://dd.weather.gc.ca/air_quality/aqhi/ont/forecast/realtime/xml/AQ_FCST_FALIF_CURRENT.xml
FALJI,Brantford,-80.25749,43.1569444,http://dd.weather.gc.ca/air_quality/aqhi/ont/observation/realtime/xml/AQ_OBS_FALJI_CURRENT.xml,http://dd.weather.gc.ca/air_quality/aqhi/ont/forecast/realtime/xml/AQ_FCST_FALJI_CURRENT.xml
FAMXK,Burlington,-79.8141666666667,43.37,http://dd.weather.gc.ca/air_quality/aqhi/ont/observation/realtime/xml/AQ_OBS_FAMXK_CURRENT.xml,http://dd.weather.gc.ca/air_quality/aqhi/ont/forecast/realtime/xml/AQ_FCST_FAMXK_CURRENT.xml
FEUTC,Chatham,-82.12876,42.43396,http://dd.weather.gc.ca/air_quality/aqhi/ont/observation/realtime/xml/AQ_OBS_FEUTC_CURRENT.xml,http://dd.weather.gc.ca/air_quality/aqhi/ont/forecast/realtime/xml/AQ_FCST_FEUTC_CURRENT.xml
FCCOT,Cornwall,-74.7263889,45.0263889,http://dd.weather.gc.ca/air_quality/aqhi/ont/observation/realtime/xml/AQ_OBS_FCCOT_CURRENT.xml,http://dd.weather.gc.ca/air_quality/aqhi/ont/forecast/realtime/xml/AQ_FCST_FCCOT_CURRENT.xml
FAZKI,Dorset,-78.8927778,45.2447222,http://dd.weather.gc.ca/air_quality/aqhi/ont/observation/realtime/xml/AQ_OBS_FAZKI_CURRENT.xml,http://dd.weather.gc.ca/air_quality/aqhi/ont/forecast/realtime/xml/AQ_FCST_FAZKI_CURRENT.xml
FAYJG,Grand Bend,-81.7563889,43.3025,http://dd.weather.gc.ca/air_quality/aqhi/ont/observation/realtime/xml/AQ_OBS_FAYJG_CURRENT.xml,http://dd.weather.gc.ca/air_quality/aqhi/ont/forecast/realtime/xml/AQ_FCST_FAYJG_CURRENT.xml
FBKKK,Guelph,-80.22899,43.53571,http://dd.weather.gc.ca/air_quality/aqhi/ont/observation/realtime/xml/AQ_OBS_FBKKK_CURRENT.xml,http://dd.weather.gc.ca/air_quality/aqhi/ont/forecast/realtime/xml/AQ_FCST_FBKKK_CURRENT.xml
FEVNS,Hamilton,-79.935,43.242778,http://dd.weather.gc.ca/air_quality/aqhi/ont/observation/realtime/xml/AQ_OBS_FEVNS_CURRENT.xml,http://dd.weather.gc.ca/air_quality/aqhi/ont/forecast/realtime/xml/AQ_FCST_FEVNS_CURRENT.xml
FBLJL,Hamilton Downtown,-79.8418,43.24504,http://dd.weather.gc.ca/air_quality/aqhi/ont/observation/realtime/xml/AQ_OBS_FBLJL_CURRENT.xml,http://dd.weather.gc.ca/air_quality/aqhi/ont/forecast/realtime/xml/AQ_FCST_FBLJL_CURRENT.xml
FBLKS,Hamilton Mountain,-79.82235,43.23039,http://dd.weather.gc.ca/air_quality/aqhi/ont/observation/realtime/xml/AQ_OBS_FBLKS_CURRENT.xml,http://dd.weather.gc.ca/air_quality/aqhi/ont/forecast/realtime/xml/AQ_FCST_FBLKS_CURRENT.xml
FDCHU,Hamilton West,-79.9027778,43.2644444,http://dd.weather.gc.ca/air_quality/aqhi/ont/observation/realtime/xml/AQ_OBS_FDCHU_CURRENT.xml,http://dd.weather.gc.ca/air_quality/aqhi/ont/forecast/realtime/xml/AQ_FCST_FDCHU_CURRENT.xml
FEVJR,Kingston,-76.4163888,44.3066666,http://dd.weather.gc.ca/air_quality/aqhi/ont/observation/realtime/xml/AQ_OBS_FEVJR_CURRENT.xml,http://dd.weather.gc.ca/air_quality/aqhi/ont/forecast/realtime/xml/AQ_FCST_FEVJR_CURRENT.xml
FEBWC,Kitchener,-80.4727778,43.4186111,http://dd.weather.gc.ca/air_quality/aqhi/ont/observation/realtime/xml/AQ_OBS_FEBWC_CURRENT.xml,http://dd.weather.gc.ca/air_quality/aqhi/ont/forecast/realtime/xml/AQ_FCST_FEBWC_CURRENT.xml
FCAEN,London,-81.2325,42.9674999,http://dd.weather.gc.ca/air_quality/aqhi/ont/observation/realtime/xml/AQ_OBS_FCAEN_CURRENT.xml,http://dd.weather.gc.ca/air_quality/aqhi/ont/forecast/realtime/xml/AQ_FCST_FCAEN_CURRENT.xml
FDGEM,Milton,-79.9177778,43.5055556,http://dd.weather.gc.ca/air_quality/aqhi/ont/observation/realtime/xml/AQ_OBS_FDGEM_CURRENT.xml,http://dd.weather.gc.ca/air_quality/aqhi/ont/forecast/realtime/xml/AQ_FCST_FDGEM_CURRENT.xml
FEAKO,Mississauga,-79.6572222222222,43.5855555555556,http://dd.weather.gc.ca/air_quality/aqhi/ont/observation/realtime/xml/AQ_OBS_FEAKO_CURRENT.xml,http://dd.weather.gc.ca/air_quality/aqhi/ont/forecast/realtime/xml/AQ_FCST_FEAKO_CURRENT.xml
FDGED,Newmarket,-79.4583333333333,44.0580555555556,http://dd.weather.gc.ca/air_quality/aqhi/ont/observation/realtime/xml/AQ_OBS_FDGED_CURRENT.xml,http://dd.weather.gc.ca/air_quality/aqhi/ont/forecast/realtime/xml/AQ_FCST_FDGED_CURRENT.xml
FCFUU,North Bay,-79.459167,46.314444,http://dd.weather.gc.ca/air_quality/aqhi/ont/observation/realtime/xml/AQ_OBS_FCFUU_CURRENT.xml,http://dd.weather.gc.ca/air_quality/aqhi/ont/forecast/realtime/xml/AQ_FCST_FCFUU_CURRENT.xml
FCGKZ,Oakville,-79.7138888888889,43.4563888888889,http://dd.weather.gc.ca/air_quality/aqhi/ont/observation/realtime/xml/AQ_OBS_FCGKZ_CURRENT.xml,http://dd.weather.gc.ca/air_quality/aqhi/ont/forecast/realtime/xml/AQ_FCST_FCGKZ_CURRENT.xml
FDMOP,Oshawa,-78.8572222222222,43.9005555555556,http://dd.weather.gc.ca/air_quality/aqhi/ont/observation/realtime/xml/AQ_OBS_FDMOP_CURRENT.xml,http://dd.weather.gc.ca/air_quality/aqhi/ont/forecast/realtime/xml/AQ_FCST_FDMOP_CURRENT.xml
FEVNT,Ottawa,-75.6769444444444,45.4344444444445,http://dd.weather.gc.ca/air_quality/aqhi/ont/observation/realtime/xml/AQ_OBS_FEVNT_CURRENT.xml,http://dd.weather.gc.ca/air_quality/aqhi/ont/forecast/realtime/xml/AQ_FCST_FEVNT_CURRENT.xml
FDSUS,Parry Sound,-80.0361111,45.3538889,http://dd.weather.gc.ca/air_quality/aqhi/ont/observation/realtime/xml/AQ_OBS_FDSUS_CURRENT.xml,http://dd.weather.gc.ca/air_quality/aqhi/ont/forecast/realtime/xml/AQ_FCST_FDSUS_CURRENT.xml
FDGEJ,Peterborough,-78.3333333,44.3011111,http://dd.weather.gc.ca/air_quality/aqhi/ont/observation/realtime/xml/AQ_OBS_FDGEJ_CURRENT.xml,http://dd.weather.gc.ca/air_quality/aqhi/ont/forecast/realtime/xml/AQ_FCST_FDGEJ_CURRENT.xml
FCIBD,Port Stanley,-81.2108334,42.6663888,http://dd.weather.gc.ca/air_quality/aqhi/ont/observation/realtime/xml/AQ_OBS_FCIBD_CURRENT.xml,http://dd.weather.gc.ca/air_quality/aqhi/ont/forecast/realtime/xml/AQ_FCST_FCIBD_CURRENT.xml
FEARV,Sarnia,-82.3177777,42.9813889,http://dd.weather.gc.ca/air_quality/aqhi/ont/observation/realtime/xml/AQ_OBS_FEARV_CURRENT.xml,http://dd.weather.gc.ca/air_quality/aqhi/ont/forecast/realtime/xml/AQ_FCST_FEARV_CURRENT.xml
FDZCP,Sault Ste. Marie,-84.3469444,46.5588888,http://dd.weather.gc.ca/air_quality/aqhi/ont/observation/realtime/xml/AQ_OBS_FDZCP_CURRENT.xml,http://dd.weather.gc.ca/air_quality/aqhi/ont/forecast/realtime/xml/AQ_FCST_FDZCP_CURRENT.xml
FDJFN,St. Catharines,-79.2533,43.16544,http://dd.weather.gc.ca/air_quality/aqhi/ont/observation/realtime/xml/AQ_OBS_FDJFN_CURRENT.xml,http://dd.weather.gc.ca/air_quality/aqhi/ont/forecast/realtime/xml/AQ_FCST_FDJFN_CURRENT.xml
FCTOV,Sudbury,-80.9775,46.5011111,http://dd.weather.gc.ca/air_quality/aqhi/ont/observation/realtime/xml/AQ_OBS_FCTOV_CURRENT.xml,http://dd.weather.gc.ca/air_quality/aqhi/ont/forecast/realtime/xml/AQ_FCST_FCTOV_CURRENT.xml
FCWFX,Thunder Bay,-89.2677778,48.4013889,http://dd.weather.gc.ca/air_quality/aqhi/ont/observation/realtime/xml/AQ_OBS_FCWFX_CURRENT.xml,http://dd.weather.gc.ca/air_quality/aqhi/ont/forecast/realtime/xml/AQ_FCST_FCWFX_CURRENT.xml
FCWOV,Tiverton,-81.5444444,44.2669444,http://dd.weather.gc.ca/air_quality/aqhi/ont/observation/realtime/xml/AQ_OBS_FCWOV_CURRENT.xml,http://dd.weather.gc.ca/air_quality/aqhi/ont/forecast/realtime/xml/AQ_FCST_FCWOV_CURRENT.xml
FEUZB,Toronto,-79.3733333333333,43.7416666666667,http://dd.weather.gc.ca/air_quality/aqhi/ont/observation/realtime/xml/AQ_OBS_FEUZB_CURRENT.xml,http://dd.weather.gc.ca/air_quality/aqhi/ont/forecast/realtime/xml/AQ_FCST_FEUZB_CURRENT.xml
FCWYG,Toronto Downtown,-79.3969444,43.6758333,http://dd.weather.gc.ca/air_quality/aqhi/ont/observation/realtime/xml/AQ_OBS_FCWYG_CURRENT.xml,http://dd.weather.gc.ca/air_quality/aqhi/ont/forecast/realtime/xml/AQ_FCST_FCWYG_CURRENT.xml
FDQBU,Toronto East,-79.2308334,43.7558333,http://dd.weather.gc.ca/air_quality/aqhi/ont/observation/realtime/xml/AQ_OBS_FDQBU_CURRENT.xml,http://dd.weather.gc.ca/air_quality/aqhi/ont/forecast/realtime/xml/AQ_FCST_FDQBU_CURRENT.xml
FDQBX,Toronto North,-79.41026,43.76205,http://dd.weather.gc.ca/air_quality/aqhi/ont/observation/realtime/xml/AQ_OBS_FDQBX_CURRENT.xml,http://dd.weather.gc.ca/air_quality/aqhi/ont/forecast/realtime/xml/AQ_FCST_FDQBX_CURRENT.xml
FCKTB,Toronto West,-79.56589,43.71823,http://dd.weather.gc.ca/air_quality/aqhi/ont/observation/realtime/xml/AQ_OBS_FCKTB_CURRENT.xml,http://dd.weather.gc.ca/air_quality/aqhi/ont/forecast/realtime/xml/AQ_FCST_FCKTB_CURRENT.xml
FDEGT,Windsor,-82.9936111111111,42.3022222222222,http://dd.weather.gc.ca/air_quality/aqhi/ont/observation/realtime/xml/AQ_OBS_FDEGT_CURRENT.xml,http://dd.weather.gc.ca/air_quality/aqhi/ont/forecast/realtime/xml/AQ_FCST_FDEGT_CURRENT.xml
FDATE,Windsor Downtown,-82.99182,42.3081,http://dd.weather.gc.ca/air_quality/aqhi/ont/observation/realtime/xml/AQ_OBS_FDATE_CURRENT.xml,http://dd.weather.gc.ca/air_quality/aqhi/ont/forecast/realtime/xml/AQ_FCST_FDATE_CURRENT.xml
FCNJT,Windsor West,-83.0594444,42.2830556,http://dd.weather.gc.ca/air_quality/aqhi/ont/observation/realtime/xml/AQ_OBS_FCNJT_CURRENT.xml,http://dd.weather.gc.ca/air_quality/aqhi/ont/forecast/realtime/xml/AQ_FCST_FCNJT_CURRENT.xml
IAQFR,Airdrie,-114.0141667,51.2922222,http://dd.weather.gc.ca/air_quality/aqhi/pnr/observation/realtime/xml/AQ_OBS_IAQFR_CURRENT.xml,http://dd.weather.gc.ca/air_quality/aqhi/pnr/forecast/realtime/xml/AQ_FCST_IAQFR_CURRENT.xml
OATSD,Arviat,-94.058333,61.108333,http://dd.weather.gc.ca/air_quality/aqhi/pnr/observation/realtime/xml/AQ_OBS_OATSD_CURRENT.xml,http://dd.weather.gc.ca/air_quality/aqhi/pnr/forecast/realtime/xml/AQ_FCST_OATSD_CURRENT.xml
GADMZ,Brandon,-99.9522222222222,49.8469444444444,http://dd.weather.gc.ca/air_quality/aqhi/pnr/observation/realtime/xml/AQ_OBS_GADMZ_CURRENT.xml,http://dd.weather.gc.ca/air_quality/aqhi/pnr/forecast/realtime/xml/AQ_FCST_GADMZ_CURRENT.xml
HASIZ,Buffalo Narrows,-108.5243083,55.8769833,http://dd.weather.gc.ca/air_quality/aqhi/pnr/observation/realtime/xml/AQ_OBS_HASIZ_CURRENT.xml,http://dd.weather.gc.ca/air_quality/aqhi/pnr/forecast/realtime/xml/AQ_FCST_HASIZ_CURRENT.xml
IAKID,Calgary,-114.0575,51.0458333333333,http://dd.weather.gc.ca/air_quality/aqhi/pnr/observation/realtime/xml/AQ_OBS_IAKID_CURRENT.xml,http://dd.weather.gc.ca/air_quality/aqhi/pnr/forecast/realtime/xml/AQ_FCST_IAKID_CURRENT.xml
IAEFD,Cold Lake,-110.166667,54.45,http://dd.weather.gc.ca/air_quality/aqhi/pnr/observation/realtime/xml/AQ_OBS_IAEFD_CURRENT.xml,http://dd.weather.gc.ca/air_quality/aqhi/pnr/forecast/realtime/xml/AQ_FCST_IAEFD_CURRENT.xml
IABOA,Drayton Valley,-114.9808333,53.2241666,http://dd.weather.gc.ca/air_quality/aqhi/pnr/observation/realtime/xml/AQ_OBS_IABOA_CURRENT.xml,http://dd.weather.gc.ca/air_quality/aqhi/pnr/forecast/realtime/xml/AQ_FCST_IABOA_CURRENT.xml
IACMP,Edmonton,-113.490277777778,53.5344444444444,http://dd.weather.gc.ca/air_quality/aqhi/pnr/observation/realtime/xml/AQ_OBS_IACMP_CURRENT.xml,http://dd.weather.gc.ca/air_quality/aqhi/pnr/forecast/realtime/xml/AQ_FCST_IACMP_CURRENT.xml
IACMW,Edson,-116.4327778,53.5836111,http://dd.weather.gc.ca/air_quality/aqhi/pnr/observation/realtime/xml/AQ_OBS_IACMW_CURRENT.xml,http://dd.weather.gc.ca/air_quality/aqhi/pnr/forecast/realtime/xml/AQ_FCST_IACMW_CURRENT.xml
HAUQM,Estevan,-102.9859847,49.1392833,http://dd.weather.gc.ca/air_quality/aqhi/pnr/observation/realtime/xml/AQ_OBS_HAUQM_CURRENT.xml,http://dd.weather.gc.ca/air_quality/aqhi/pnr/forecast/realtime/xml/AQ_FCST_HAUQM_CURRENT.xml
GAILW,Flin Flon,-101.8641699,54.768056,http://dd.weather.gc.ca/air_quality/aqhi/pnr/observation/realtime/xml/AQ_OBS_GAILW_CURRENT.xml,http://dd.weather.gc.ca/air_quality/aqhi/pnr/forecast/realtime/xml/AQ_FCST_GAILW_CURRENT.xml
IAFEW,Fort Chipewyan,-111.158333333333,58.7144444444444,http://dd.weather.gc.ca/air_quality/aqhi/pnr/observation/realtime/xml/AQ_OBS_IAFEW_CURRENT.xml,http://dd.weather.gc.ca/air_quality/aqhi/pnr/forecast/realtime/xml/AQ_FCST_IAFEW_CURRENT.xml
IAFFF,Fort McKay,-111.599722222222,57.1811111111111,http://dd.weather.gc.ca/air_quality/aqhi/pnr/observation/realtime/xml/AQ_OBS_IAFFF_CURRENT.xml,http://dd.weather.gc.ca/air_quality/aqhi/pnr/forecast/realtime/xml/AQ_FCST_IAFFF_CURRENT.xml
IAFFI,Fort McMurray,-111.380277777778,56.7263888888889,http://dd.weather.gc.ca/air_quality/aqhi/pnr/observation/realtime/xml/AQ_OBS_IAFFI_CURRENT.xml,http://dd.weather.gc.ca/air_quality/aqhi/pnr/forecast/realtime/xml/AQ_FCST_IAFFI_CURRENT.xml
IAFFM,Fort Saskatchewan,-113.217777777778,53.7111111111111,http://dd.weather.gc.ca/air_quality/aqhi/pnr/observation/realtime/xml/AQ_OBS_IAFFM_CURRENT.xml,http://dd.weather.gc.ca/air_quality/aqhi/pnr/forecast/realtime/xml/AQ_FCST_IAFFM_CURRENT.xml
LAILM,Fort Simpson,-121.3527,61.8609,http://dd.weather.gc.ca/air_quality/aqhi/pnr/observation/realtime/xml/AQ_OBS_LAILM_CURRENT.xml,http://dd.weather.gc.ca/air_quality/aqhi/pnr/forecast/realtime/xml/AQ_FCST_LAILM_CURRENT.xml
LAILN,Fort Smith,-111.8829,60.0053,http://dd.weather.gc.ca/air_quality/aqhi/pnr/observation/realtime/xml/AQ_OBS_LAILN_CURRENT.xml,http://dd.weather.gc.ca/air_quality/aqhi/pnr/forecast/realtime/xml/AQ_FCST_LAILN_CURRENT.xml
IAFYX,Genesee,-114.37,53.3458334,http://dd.weather.gc.ca/air_quality/aqhi/pnr/observation/realtime/xml/AQ_OBS_IAFYX_CURRENT.xml,http://dd.weather.gc.ca/air_quality/aqhi/pnr/forecast/realtime/xml/AQ_FCST_IAFYX_CURRENT.xml
IAHMM,Grande Prairie,-118.796111111111,55.1708333333333,http://dd.weather.gc.ca/air_quality/aqhi/pnr/observation/realtime/xml/AQ_OBS_IAHMM_CURRENT.xml,http://dd.weather.gc.ca/air_quality/aqhi/pnr/forecast/realtime/xml/AQ_FCST_IAHMM_CURRENT.xml
IAJWU,Hinton,-117.5627778,53.4111111,http://dd.weather.gc.ca/air_quality/aqhi/pnr/observation/realtime/xml/AQ_OBS_IAJWU_CURRENT.xml,http://dd.weather.gc.ca/air_quality/aqhi/pnr/forecast/realtime/xml/AQ_FCST_IAJWU_CURRENT.xml
LALNA,Inuvik,-133.7297,68.3609,http://dd.weather.gc.ca/air_quality/aqhi/pnr/observation/realtime/xml/AQ_OBS_LALNA_CURRENT.xml,http://dd.weather.gc.ca/air_quality/aqhi/pnr/forecast/realtime/xml/AQ_FCST_LALNA_CURRENT.xml
OATRP,Iqaluit,-68.5166666,63.75,http://dd.weather.gc.ca/air_quality/aqhi/pnr/observation/realtime/xml/AQ_OBS_OATRP_CURRENT.xml,http://dd.weather.gc.ca/air_quality/aqhi/pnr/forecast/realtime/xml/AQ_FCST_OATRP_CURRENT.xml
OAUDO,Kugluktuk,-115.09333,67.826667,http://dd.weather.gc.ca/air_quality/aqhi/pnr/observation/realtime/xml/AQ_OBS_OAUDO_CURRENT.xml,http://dd.weather.gc.ca/air_quality/aqhi/pnr/forecast/realtime/xml/AQ_FCST_OAUDO_CURRENT.xml
IACGW,Lamont County,-112.7844444,53.7591666,http://dd.weather.gc.ca/air_quality/aqhi/pnr/observation/realtime/xml/AQ_OBS_IACGW_CURRENT.xml,http://dd.weather.gc.ca/air_quality/aqhi/pnr/forecast/realtime/xml/AQ_FCST_IACGW_CURRENT.xml
IADGP,Lethbridge,-112.841944444444,49.6936111111111,http://dd.weather.gc.ca/air_quality/aqhi/pnr/observation/realtime/xml/AQ_OBS_IADGP_CURRENT.xml,http://dd.weather.gc.ca/air_quality/aqhi/pnr/forecast/realtime/xml/AQ_FCST_IADGP_CURRENT.xml
IAIUC,Medicine Hat,-110.676666666667,50.0408333333333,http://dd.weather.gc.ca/air_quality/aqhi/pnr/observation/realtime/xml/AQ_OBS_IAIUC_CURRENT.xml,http://dd.weather.gc.ca/air_quality/aqhi/pnr/forecast/realtime/xml/AQ_FCST_IAIUC_CURRENT.xml
LARCU,Norman Wells,-126.8316,65.2811,http://dd.weather.gc.ca/air_quality/aqhi/pnr/observation/realtime/xml/AQ_OBS_LARCU_CURRENT.xml,http://dd.weather.gc.ca/air_quality/aqhi/pnr/forecast/realtime/xml/AQ_FCST_LARCU_CURRENT.xml
IAKRM,Parkland County,-113.9022222,53.5538888,http://dd.weather.gc.ca/air_quality/aqhi/pnr/observation/realtime/xml/AQ_OBS_IAKRM_CURRENT.xml,http://dd.weather.gc.ca/air_quality/aqhi/pnr/forecast/realtime/xml/AQ_FCST_IAKRM_CURRENT.xml
HAPNV,Prince Albert,-105.714722,53.216111,http://dd.weather.gc.ca/air_quality/aqhi/pnr/observation/realtime/xml/AQ_OBS_HAPNV_CURRENT.xml,http://dd.weather.gc.ca/air_quality/aqhi/pnr/forecast/realtime/xml/AQ_FCST_HAPNV_CURRENT.xml
IAEJS,Red Deer,-113.810277777778,52.2686111111111,http://dd.weather.gc.ca/air_quality/aqhi/pnr/observation/realtime/xml/AQ_OBS_IAEJS_CURRENT.xml,http://dd.weather.gc.ca/air_quality/aqhi/pnr/forecast/realtime/xml/AQ_FCST_IAEJS_CURRENT.xml
HAIMP,Regina,-104.606666666667,50.4547222222222,http://dd.weather.gc.ca/air_quality/aqhi/pnr/observation/realtime/xml/AQ_OBS_HAIMP_CURRENT.xml,http://dd.weather.gc.ca/air_quality/aqhi/pnr/forecast/realtime/xml/AQ_FCST_HAIMP_CURRENT.xml
HAHJJ,Saskatoon,-106.686111111111,52.1397222222222,http://dd.weather.gc.ca/air_quality/aqhi/pnr/observation/realtime/xml/AQ_OBS_HAHJJ_CURRENT.xml,http://dd.weather.gc.ca/air_quality/aqhi/pnr/forecast/realtime/xml/AQ_FCST_HAHJJ_CURRENT.xml
IAGHN,St. Albert,-113.6202778,53.6369444,http://dd.weather.gc.ca/air_quality/aqhi/pnr/observation/realtime/xml/AQ_OBS_IAGHN_CURRENT.xml,http://dd.weather.gc.ca/air_quality/aqhi/pnr/forecast/realtime/xml/AQ_FCST_IAGHN_CURRENT.xml
IACIQ,Strathcona County,-113.1438889,53.5522222,http://dd.weather.gc.ca/air_quality/aqhi/pnr/observation/realtime/xml/AQ_OBS_IACIQ_CURRENT.xml,http://dd.weather.gc.ca/air_quality/aqhi/pnr/forecast/realtime/xml/AQ_FCST_IACIQ_CURRENT.xml
IAASX,Sturgeon County,-113.3283333,53.8297222,http://dd.weather.gc.ca/air_quality/aqhi/pnr/observation/realtime/xml/AQ_OBS_IAASX_CURRENT.xml,http://dd.weather.gc.ca/air_quality/aqhi/pnr/forecast/realtime/xml/AQ_FCST_IAASX_CURRENT.xml
HAPKT,Swift Current,-107.81689,50.285833,http://dd.weather.gc.ca/air_quality/aqhi/pnr/observation/realtime/xml/AQ_OBS_HAPKT_CURRENT.xml,http://dd.weather.gc.ca/air_quality/aqhi/pnr/forecast/realtime/xml/AQ_FCST_HAPKT_CURRENT.xml
GBEIN,Winnipeg,-97.1463888888889,49.8844444444444,http://dd.weather.gc.ca/air_quality/aqhi/pnr/observation/realtime/xml/AQ_OBS_GBEIN_CURRENT.xml,http://dd.weather.gc.ca/air_quality/aqhi/pnr/forecast/realtime/xml/AQ_FCST_GBEIN_CURRENT.xml
IANHQ,Wood Buffalo - south,-111.0788889,55.6311111,http://dd.weather.gc.ca/air_quality/aqhi/pnr/observation/realtime/xml/AQ_OBS_IANHQ_CURRENT.xml,http://dd.weather.gc.ca/air_quality/aqhi/pnr/forecast/realtime/xml/AQ_FCST_IANHQ_CURRENT.xml
LBAMG,Yellowknife,-114.37,62.4536,http://dd.weather.gc.ca/air_quality/aqhi/pnr/observation/realtime/xml/AQ_OBS_LBAMG_CURRENT.xml,http://dd.weather.gc.ca/air_quality/aqhi/pnr/forecast/realtime/xml/AQ_FCST_LBAMG_CURRENT.xml
JCAAC,Castlegar,-117.666667,49.324722,http://dd.weather.gc.ca/air_quality/aqhi/pyr/observation/realtime/xml/AQ_OBS_JCAAC_CURRENT.xml,http://dd.weather.gc.ca/air_quality/aqhi/pyr/forecast/realtime/xml/AQ_FCST_JCAAC_CURRENT.xml
JABNO,Central Fraser Valley,-122.25,49.0583333333333,http://dd.weather.gc.ca/air_quality/aqhi/pyr/observation/realtime/xml/AQ_OBS_JABNO_CURRENT.xml,http://dd.weather.gc.ca/air_quality/aqhi/pyr/forecast/realtime/xml/AQ_FCST_JABNO_CURRENT.xml
JAFUV,Central Okanagan,-119.483333333333,49.8833333333333,http://dd.weather.gc.ca/air_quality/aqhi/pyr/observation/realtime/xml/AQ_OBS_JAFUV_CURRENT.xml,http://dd.weather.gc.ca/air_quality/aqhi/pyr/forecast/realtime/xml/AQ_FCST_JAFUV_CURRENT.xml
JCUYZ,Comox,-124.9347222,49.6830556,http://dd.weather.gc.ca/air_quality/aqhi/pyr/observation/realtime/xml/AQ_OBS_JCUYZ_CURRENT.xml,http://dd.weather.gc.ca/air_quality/aqhi/pyr/forecast/realtime/xml/AQ_FCST_JCUYZ_CURRENT.xml
JAHJY,Comox Valley,-124.9833,49.6833,http://dd.weather.gc.ca/air_quality/aqhi/pyr/observation/realtime/xml/AQ_OBS_JAHJY_CURRENT.xml,http://dd.weather.gc.ca/air_quality/aqhi/pyr/forecast/realtime/xml/AQ_FCST_JAHJY_CURRENT.xml
JAIQY,Cranbrook,-115.7667,49.5,http://dd.weather.gc.ca/air_quality/aqhi/pyr/observation/realtime/xml/AQ_OBS_JAIQY_CURRENT.xml,http://dd.weather.gc.ca/air_quality/aqhi/pyr/forecast/realtime/xml/AQ_FCST_JAIQY_CURRENT.xml
JBBWA,Duncan,-123.7,48.783333,http://dd.weather.gc.ca/air_quality/aqhi/pyr/observation/realtime/xml/AQ_OBS_JBBWA_CURRENT.xml,http://dd.weather.gc.ca/air_quality/aqhi/pyr/forecast/realtime/xml/AQ_FCST_JBBWA_CURRENT.xml
JCVCC,Eastern Fraser Valley,-121.941666666667,49.175,http://dd.weather.gc.ca/air_quality/aqhi/pyr/observation/realtime/xml/AQ_OBS_JCVCC_CURRENT.xml,http://dd.weather.gc.ca/air_quality/aqhi/pyr/forecast/realtime/xml/AQ_FCST_JCVCC_CURRENT.xml
JAGPB,Fort St. John,-120.846667,56.2525,http://dd.weather.gc.ca/air_quality/aqhi/pyr/observation/realtime/xml/AQ_OBS_JAGPB_CURRENT.xml,http://dd.weather.gc.ca/air_quality/aqhi/pyr/forecast/realtime/xml/AQ_FCST_JAGPB_CURRENT.xml
JAFNW,Kamloops,-120.327222222222,50.6733333333333,http://dd.weather.gc.ca/air_quality/aqhi/pyr/observation/realtime/xml/AQ_OBS_JAFNW_CURRENT.xml,http://dd.weather.gc.ca/air_quality/aqhi/pyr/forecast/realtime/xml/AQ_FCST_JAFNW_CURRENT.xml
JCMDB,Kitimat,-128.652222,54.053333,http://dd.weather.gc.ca/air_quality/aqhi/pyr/observation/realtime/xml/AQ_OBS_JCMDB_CURRENT.xml,http://dd.weather.gc.ca/air_quality/aqhi/pyr/forecast/realtime/xml/AQ_FCST_JCMDB_CURRENT.xml
JBXHZ,Metro Vancouver - NE,-122.683333333333,49.2333333333333,http://dd.weather.gc.ca/air_quality/aqhi/pyr/observation/realtime/xml/AQ_OBS_JBXHZ_CURRENT.xml,http://dd.weather.gc.ca/air_quality/aqhi/pyr/forecast/realtime/xml/AQ_FCST_JBXHZ_CURRENT.xml
JBRIK,Metro Vancouver - NW,-123.113889,49.261111,http://dd.weather.gc.ca/air_quality/aqhi/pyr/observation/realtime/xml/AQ_OBS_JBRIK_CURRENT.xml,http://dd.weather.gc.ca/air_quality/aqhi/pyr/forecast/realtime/xml/AQ_FCST_JBRIK_CURRENT.xml
JAZBU,Metro Vancouver - SE,-122.75,49.1166666666667,http://dd.weather.gc.ca/air_quality/aqhi/pyr/observation/realtime/xml/AQ_OBS_JAZBU_CURRENT.xml,http://dd.weather.gc.ca/air_quality/aqhi/pyr/forecast/realtime/xml/AQ_FCST_JAZBU_CURRENT.xml
JBJFI,Metro Vancouver - SW,-123.163333,49.163333,http://dd.weather.gc.ca/air_quality/aqhi/pyr/observation/realtime/xml/AQ_OBS_JBJFI_CURRENT.xml,http://dd.weather.gc.ca/air_quality/aqhi/pyr/forecast/realtime/xml/AQ_FCST_JBJFI_CURRENT.xml
JAQAL,Nanaimo / Parksville,-123.933333333333,49.1666666666667,http://dd.weather.gc.ca/air_quality/aqhi/pyr/observation/realtime/xml/AQ_OBS_JAQAL_CURRENT.xml,http://dd.weather.gc.ca/air_quality/aqhi/pyr/forecast/realtime/xml/AQ_FCST_JAQAL_CURRENT.xml
JBOAP,North Okanagan,-119.266666666667,50.2583333333333,http://dd.weather.gc.ca/air_quality/aqhi/pyr/observation/realtime/xml/AQ_OBS_JBOAP_CURRENT.xml,http://dd.weather.gc.ca/air_quality/aqhi/pyr/forecast/realtime/xml/AQ_FCST_JBOAP_CURRENT.xml
JBLVS,Prince George,-122.75,53.9166666666667,http://dd.weather.gc.ca/air_quality/aqhi/pyr/observation/realtime/xml/AQ_OBS_JBLVS_CURRENT.xml,http://dd.weather.gc.ca/air_quality/aqhi/pyr/forecast/realtime/xml/AQ_FCST_JBLVS_CURRENT.xml
JBNTS,Quesnel,-122.5,53.0,http://dd.weather.gc.ca/air_quality/aqhi/pyr/observation/realtime/xml/AQ_OBS_JBNTS_CURRENT.xml,http://dd.weather.gc.ca/air_quality/aqhi/pyr/forecast/realtime/xml/AQ_FCST_JBNTS_CURRENT.xml
JBMQO,Smithers,-127.176111,54.779167,http://dd.weather.gc.ca/air_quality/aqhi/pyr/observation/realtime/xml/AQ_OBS_JBMQO_CURRENT.xml,http://dd.weather.gc.ca/air_quality/aqhi/pyr/forecast/realtime/xml/AQ_FCST_JBMQO_CURRENT.xml
JBMPJ,Sparwood,-114.885833,49.733333,http://dd.weather.gc.ca/air_quality/aqhi/pyr/observation/realtime/xml/AQ_OBS_JBMPJ_CURRENT.xml,http://dd.weather.gc.ca/air_quality/aqhi/pyr/forecast/realtime/xml/AQ_FCST_JBMPJ_CURRENT.xml
JCVCJ,Squamish,-123.133333,49.75,http://dd.weather.gc.ca/air_quality/aqhi/pyr/observation/realtime/xml/AQ_OBS_JCVCJ_CURRENT.xml,http://dd.weather.gc.ca/air_quality/aqhi/pyr/forecast/realtime/xml/AQ_FCST_JCVCJ_CURRENT.xml
JBXCK,Terrace,-128.599722,54.516389,http://dd.weather.gc.ca/air_quality/aqhi/pyr/observation/realtime/xml/AQ_OBS_JBXCK_CURRENT.xml,http://dd.weather.gc.ca/air_quality/aqhi/pyr/forecast/realtime/xml/AQ_FCST_JBXCK_CURRENT.xml
JBOBQ,Victoria / Saanich,-123.366666666667,48.4333333333333,http://dd.weather.gc.ca/air_quality/aqhi/pyr/observation/realtime/xml/AQ_OBS_JBOBQ_CURRENT.xml,http://dd.weather.gc.ca/air_quality/aqhi/pyr/forecast/realtime/xml/AQ_FCST_JBOBQ_CURRENT.xml
JCLMX,WestShore,-123.493333,48.423611,http://dd.weather.gc.ca/air_quality/aqhi/pyr/observation/realtime/xml/AQ_OBS_JCLMX_CURRENT.xml,http://dd.weather.gc.ca/air_quality/aqhi/pyr/forecast/realtime/xml/AQ_FCST_JCLMX_CURRENT.xml
JCJHI,Whistler,-122.966666666667,50.1166666666667,http://dd.weather.gc.ca/air_quality/aqhi/pyr/observation/realtime/xml/AQ_OBS_JCJHI_CURRENT.xml,http://dd.weather.gc.ca/air_quality/aqhi/pyr/forecast/realtime/xml/AQ_FCST_JCJHI_CURRENT.xml
KAHFT,Whitehorse,-135.0808333,60.6961111,http://dd.weather.gc.ca/air_quality/aqhi/pyr/observation/realtime/xml/AQ_OBS_KAHFT_CURRENT.xml,http://dd.weather.gc.ca/air_quality/aqhi/pyr/forecast/realtime/xml/AQ_FCST_KAHFT_CURRENT.xml
JBTMB,Williams Lake,-122.141666666667,52.1416666666667,http://dd.weather.gc.ca/air_quality/aqhi/pyr/observation/realtime/xml/AQ_OBS_JBTMB_CURRENT.xml,http://dd.weather.gc.ca/air_quality/aqhi/pyr/forecast/realtime/xml/AQ_FCST_JBTMB_CURRENT.xml
